{"event":[{"query":{"id":[{"timestamp_usec":"1467000170558034"}],"query_text":"Mc"}},{"query":{"id":[{"timestamp_usec":"1466996830122475"}],"query_text":"jester vip net 8081"}},{"query":{"id":[{"timestamp_usec":"1466996485079338"}],"query_text":"lookup"}},{"query":{"id":[{"timestamp_usec":"1466996442389000"}],"query_text":"https://login.comcast.net/myaccount/lookup?execution=e3s7"}},{"query":{"id":[{"timestamp_usec":"1466988711666588"}],"query_text":"jester vip net 8081"}},{"query":{"id":[{"timestamp_usec":"1466988380554014"},{"timestamp_usec":"1466988393401993"},{"timestamp_usec":"1466988399518795"},{"timestamp_usec":"1466988404089487"},{"timestamp_usec":"1466988411965992"},{"timestamp_usec":"1466988413700574"},{"timestamp_usec":"1466988416528921"},{"timestamp_usec":"1466988416738265"},{"timestamp_usec":"1466988444725596"}],"query_text":"Whimsy"}},{"query":{"id":[{"timestamp_usec":"1466987984017038"}],"query_text":"add reminder"}},{"query":{"id":[{"timestamp_usec":"1466985411648844"}],"query_text":"jester vip net 8081"}},{"query":{"id":[{"timestamp_usec":"1466963408720342"}],"query_text":"port charlotte area code"}},{"query":{"id":[{"timestamp_usec":"1466962849515558"}],"query_text":"free phone number lookup"}},{"query":{"id":[{"timestamp_usec":"1466955559195123"}],"query_text":"what is dcb association mean"}},{"query":{"id":[{"timestamp_usec":"1466955510839488"},{"timestamp_usec":"1466955525370412"},{"timestamp_usec":"1466955527442913"},{"timestamp_usec":"1466955528649984"},{"timestamp_usec":"1466955532179644"},{"timestamp_usec":"1466955540453882"}],"query_text":"DCB_ASSOCIATION:P241044f7f373b923661029af"}},{"query":{"id":[{"timestamp_usec":"1466933267194049"}],"query_text":"find email michael bates 1978x@yahoo.com"}},{"query":{"id":[{"timestamp_usec":"1466933254510295"}],"query_text":"find email xmichaelbates1978x@yahoo.com"}},{"query":{"id":[{"timestamp_usec":"1466933219448192"}],"query_text":"find email xpoolmikex1978@yahoo.com"}},{"query":{"id":[{"timestamp_usec":"1466933192016892"}],"query_text":"find email xpoolmike1978x@yahoo.com"}},{"query":{"id":[{"timestamp_usec":"1466933096769057"}],"query_text":"pof"}},{"query":{"id":[{"timestamp_usec":"1466932067824174"}],"query_text":"find michael bates dating sites"}},{"query":{"id":[{"timestamp_usec":"1466931610117268"}],"query_text":"find 4843327495"}},{"query":{"id":[{"timestamp_usec":"1466931414747634"}],"query_text":"mikebates georgia"}},{"query":{"id":[{"timestamp_usec":"1466931277549582"},{"timestamp_usec":"1466931338349961"},{"timestamp_usec":"1466931341456591"},{"timestamp_usec":"1466931361149112"}],"query_text":"mikebates"}},{"query":{"id":[{"timestamp_usec":"1466930753654328"}],"query_text":"match.com"}},{"query":{"id":[{"timestamp_usec":"1466927050742464"}],"query_text":"login to king.com"}},{"query":{"id":[{"timestamp_usec":"1466926833191877"}],"query_text":"codes for candy crush gold bars"}},{"query":{"id":[{"timestamp_usec":"1466926814753192"}],"query_text":"king"}},{"query":{"id":[{"timestamp_usec":"1466926482046421"}],"query_text":"candy crush 50 free gold bars"}},{"query":{"id":[{"timestamp_usec":"1466925135064606"}],"query_text":"candy crush gold bars cheat"}},{"query":{"id":[{"timestamp_usec":"1466925074449807"}],"query_text":"candy crush gold bars for free"}},{"query":{"id":[{"timestamp_usec":"1466923942555143"}],"query_text":"codes for candy crush gold bars"}},{"query":{"id":[{"timestamp_usec":"1466919509708325"}],"query_text":"cumru shooting"}},{"query":{"id":[{"timestamp_usec":"1466881366562730"}],"query_text":"how do you set up a gofundme account"}},{"query":{"id":[{"timestamp_usec":"1466876522879000"},{"timestamp_usec":"1466876857635683"}],"query_text":"statik trays"}},{"query":{"id":[{"timestamp_usec":"1466876461411650"},{"timestamp_usec":"1466876470129712"}],"query_text":"stakic trays"}},{"query":{"id":[{"timestamp_usec":"1466812342672879"}],"query_text":"can you track a prepaid verizon phone"}},{"query":{"id":[{"timestamp_usec":"1466807430272050"}],"query_text":"south"}},{"query":{"id":[{"timestamp_usec":"1466807361715245"}],"query_text":"ABE ATL   ATL ABE   "}},{"query":{"id":[{"timestamp_usec":"1466807354394394"}],"query_text":"cheap flights to atlanta"}},{"query":{"id":[{"timestamp_usec":"1466807348387074"},{"timestamp_usec":"1466807348747832"},{"timestamp_usec":"1466807349399548"}],"query_text":"ABE     ABE   "}},{"query":{"id":[{"timestamp_usec":"1466807226891499"}],"query_text":"cheap flights"}},{"query":{"id":[{"timestamp_usec":"1466807225326659"}],"query_text":"ABE     ABE   "}},{"query":{"id":[{"timestamp_usec":"1466804026336031"}],"query_text":"reading hospital phone number"}},{"query":{"id":[{"timestamp_usec":"1466795816037018"}],"query_text":"flights to georgia from philadelphia"}},{"query":{"id":[{"timestamp_usec":"1466795811666746"}],"query_text":"PHL ATL SAV AGS CSG ABY VLD BQK   ATL SAV AGS CSG ABY VLD BQK PHL   "}},{"query":{"id":[{"timestamp_usec":"1466795811539208"}],"query_text":"PHL FRA MUC BER DUS HAM STR CGN NUE HAJ SCN   FRA MUC BER DUS HAM STR CGN NUE HAJ SCN PHL   "}},{"query":{"id":[{"timestamp_usec":"1466725109784447"}],"query_text":"zedge"}},{"query":{"id":[{"timestamp_usec":"1466710667095790"}],"query_text":"reading hospital phone number"}},{"query":{"id":[{"timestamp_usec":"1466710593566058"}],"query_text":"reading hospital"}}]}